AatII,GACGT^C,,
Acc65I,G^GTACC,,
AccI,GT^MKAC,,
AccIII,T^CCGGA,T^CCGGATC,
AclI,AA^CGTT,,
AfeI,AGC^GCT,,
AflII,C^TTAAG,,
AflIII,A^CRYGT,,
AgeI,A^CCGGT,,
AhaIII,TTT^AAA,,
Aor13HI,T^CCGGA,,
Aor51HI,AGC^GCT,,
ApaI,GGGCC^C,GGGCC^CWGG,
ApaLI,G^TGCAC,,
ApoI,R^AATTY,,
AscI,GG^CGCGCC,,
AseI,AT^TAAT,,
AsiSI,GCGAT^CGC,,
AsuII,TT^CGAA,,
AvaI,C^YCGRG,,
AvaIII,ATGCA^T,,
AvrII,C^CTAGG,,
BaeGI,GKGCM^C,,
BalI,TGG^CCA,,
BamHI,G^GATCC,,
BanI,G^GYRCC,,
BanII,GRGCY^C,,
BclI,T^GATCA,,
BcoDI,GTCTCN^,,
BglII,A^GATCT,,
BmeT110I,C^YCGRG,,
BsePI,G^CGCGC,,
BseSI,GKGCM^C,,
BsmAI,GTCTCN^,,
Bsp1286I,GDGCH^C,,
Bsp1407I,T^GTACA,,
BspDI,AT^CGAT,,
BspHI,T^CATGA,,
BspLU11I,A^CATGT,,
BspMII,T^CCGGA,,
BspT104I,TT^CGAA,,
BspT107I,G^GYRCC,,
BssHII,G^CGCGC,,
Bst1107I,GTA^TAC,,
BstBI,TT^CGAA,,
BstEII,G^GTNACC,,
BstXI,CCANNNNN^NTGG,,
CfrI,Y^GGCCR,,
ClaI,AT^CGAT,GAT^CGAT,AT^CGATC
CpoI,CG^GWCCG,,
DraI,TTT^AAA,,
EaeI,Y^GGCCR,,
EagI,C^GGCCG,,
Eco47III,AGC^GCT,,
Eco52I,C^GGCCG,,
Eco53kI,GAG^CTC,,
Eco81I,CC^TNAGG,,
EcoO65I,G^GTNACC,,
EcoRI,G^AATTC,,
EcoRV,GAT^ATC,,
EcoT22I,ATGCA^T,,
FbaI,T^GATCA,,
FseI,GGCCGG^CC,,
FspI,TGC^GCA,,
HaeII,RGCGC^Y,,
HgiCI,G^GYRCC,,
HgiJII,GRGCY^C,,
HincII,GTY^RAC,,
HindII,GTY^RAC,,
HindIII,A^AGCTT,,
HpaI,GTT^AAC,,
KasI,G^GCGCC,,
KpnI,GGTAC^C,,
MfeI,C^AATTG,,
MluI,A^CGCGT,,
MscI,TGG^CCA,,
MstI,TGC^GCA,,
MunI,C^AATTG,,
NaeI,GCC^GGC,,
NarI,GG^CGCC,,
NarI,G^GCGCC,,
NcoI,C^CATGG,,
NdeI,CA^TATG,,
NgoMIV,G^CCGGC,,
NheI,G^CTAGC,,
NotI,GC^GGCCGC,,
NruI,TCG^CGA,TCG^CGAC,
NsiI,ATGCA^T,,
PacI,TTAAT^TAA,,
PaeI,GCATG^C,,
PaeR7I,C^TCGAG,,
PciI,A^CATGT,,
PluTI,GGCGC^C,,
PmaCI,CAC^GTG,,
PmeI,GTTT^AAAC,,
PmlI,CAC^GTG,,
PsiI,TTA^TAA,,
Psp1406I,AA^CGTT,,
PspOMI,G^GGCCC,,
PstI,CTGCA^G,,
PvuI,CGAT^CG,,
PvuII,CAG^CTG,,
RsrII,CG^GWCCG,,
SacI,GAGCT^C,,
SacII,CCGC^GG,,
SalI,G^TCGAC,,
SauI,CC^TNAGG,,
ScaI,AGT^ACT,,
SduI,GDGCH^C,,
SfiI,GGCCNNNN^NGGCC,GGCCWGGN^NGGCC,GGCCNNNN^NGGCCWGG
SfoI,GGC^GCC,,
SgfI,GCGAT^CGC,,
SmaI,CCC^GGG,,
SmiI,ATTT^AAAT,,
SnaBI,TAC^GTA,,
SnaI,GTA^TAC,,
SpeI,A^CTAGT,,
SphI,GCATG^C,,
SrfI,GCCC^GGGC,,
Sse8387I,CCTGCA^GG,,
SspI,AAT^ATT,,
StuI,AGG^CCT,AGG^CCTGG,
SwaI,ATTT^AAAT,,
TspMI,C^CCGGG,,
VspI,AT^TAAT,,
XbaI,T^CTAGA,T^CTAGATC,
XhoI,C^TCGAG,,
XmaI,C^CCGGG,,
XmaIII,C^GGCCG,,
ZraI,GAC^GTC,,
